Residuo;Probabilidade
D;0.4476349206349205
A;0.4317063492063492
E;0.37695634920634913
F;0.3628253968253969
R;0.3273333333333333
H;0.25488888888888894
D;0.07724938949938952
S;0.06284920634920635
G;0.05783333333333334
Y;0.2191984126984127
E;0.6342380952380954
V;0.6027380952380951
H;0.5155277777777779
H;0.6125079365079366
Q;0.5748492063492064
K;0.5872050264550266
L;0.22846969696969693
V;0.22861111111111118
F;0.6027936507936509
F;0.5557976190476194
A;0.568484126984127
E;0.5686111111111107
D;0.5597182539682544
V;0.596888888888889
G;0.6061190476190474
S;0.615166666666667
N;0.1579484126984127
K;0.5514920634920634
G;0.2028333333333334
A;0.20917460317460315
I;0.687031746031746
I;0.6521190476190477
G;0.6477222222222221
L;0.6963492063492063
M;0.3791587301587302
V;0.6821190476190476
G;0.6817777777777778
G;0.6331111111111111
V;0.7475714285714286
V;0.7632222222222222
I;0.7967222222222222
A;0.8064074074074074
